"",,,,,,,,,,,,,,,,,,,,,,,,,,,"s s e r t s y n A ","s e r u s a e m t ","? n e k a ","o N ",", e r u s s e r p d o o l B ",", e t a r t r a e h ","r o f ( e t a r n o i t a r i p s e r ","y g o l o i s y h p ","t o n , s e m o c t u o ",") s s e r t s ","o N ","t r a e h , e r u s s e r p d o o l B ","e t a r n o i t a r i p s e r , e t a r ","t o n , y g o l o i s y h p r o f ( ",") s s e r t s ","o N ","o N ","d e u n i t n o c ( "
"",.,),d,a,_{4},f,d,e,r,”,e,n,”,e,,r,s,e,),e,,.,n,n,e,),e,r,7,e,,c,s,n,d,G,e,,r,r,e,l,5,)
1,s,f,e,i,_{4},o,i,u,o,e,h,o,t,n,,a,a,k,g,n,,r,e,i,l,g,n,a,=,n,,i,a,a,e,E,v,,o,o,t,a,=,4
"",e,o,t,r,,s,d,d,e,p,T,i,n,o,,b,w,o,n,o,,e,h,a,p,n,o,b,n,o,,r,w,d,t,E,i,,t,”,a,m,n,2
"",i,n,a,e,,n,s,n,z,a,“,t,e,N,_{2},e,e,w,i,N,,n,T,g,i,i,N,e,,N,_{5},t,e,e,c,,s,,n,",",r,r,(,f
e,d,o,l,t,,o,l,u,i,c,.,a,m,A,_{6},s,n,a,g,A,_{7},i,.,a,t,g,A,s,,A,_{6},n,v,s,e,,s,2,e,n,t,e,.,o
l,u,i,e,i,,i,a,r,l,s,t,r,e,N,,o,a,l,a,N,,a,d,d,l,a,N,o,,N,,e,i,i,f,,e,,m,o,r,h,i,
b,t,t,r,r,,t,m,o,a,e,i,i,v,s,,n,r,a,m,?,,r,e,e,u,m,s,n,,?,,c,t,t,f,,c,,e,i,a,t,l,
a,s,a,-,c,,a,i,t,c,o,n,p,o,u,,s,u,m,i,?,,t,g,v,m,i,u,",",,?,,n,a,n,a,,x,,v,t,e,g,u,
T,g,c,s,n,,c,n,r,o,t,u,s,m,l,,a,l,i,g,n,,s,a,o,d,g,l,g,,e,,o,d,a,t,,E,,o,a,h,n,m,
