file,pmr,,,style
table1 (10).png,in,,,
table1 (11).png,in,,,
table1 (12).png,in,,,
table1 (13).png,in,,,
table1 (14).png,q,list with subheads,,
table1 (15).png,in,,,
table1 (16).png,in,,,
table1 (17).png,in,,,
table1 (18) cont.png,in,,,
table1 (18).png,in,,,
table1 (19).png,in,,,
table1 (20).png,in,,,
table1 (21).png,in,,,
table1 (22).png,in,,,
table1 (23).png,in,,,
table1 (24).png,in,,,
table1 (25).png,in,,,
table1 (26) cont1.png,in,,,
table1 (26) cont2.png,in,,,
table1 (26).png,in,,,
table1 (27).png,in,,,
table1 (28).png,in,,,
table1 (29).png,in,,,
table1 (2).png,q,unclear header,,
table1 (30).png,in,,,
table1 (31).png,in,cell list,,
table1 (32) cont1.png,q,cell list,,
table1 (32) cont2.png,q,cell list,,
table1 (32).png,q,cell list,,
table1 (33).png,in,,,
table1 (34).png,in,,,
table1 (35).png,in,,,
table1 (36).png,in,,,
table1 (37).png,in,,,
table1 (38).png,q,cell list,,
table1 (39).png,in,,,
table1 (3).png,in,,
table1 (40).png,q,list,,
table1 (41).png,in,,,
table1 (42).png,in,,,
table1 (43).png,in,,,
table1 (44).png,in,,,
table1 (45).png,in,,,
table1 (46).png,in,,,
table1 (47).png,in,,,
table1 (48).png,in,,,
table1 (49).png,in,,,
table1 (4).png,in,,,
table1 (50).png,in,,,
table1 (51).png,in,,,
table1 (52).png,in,,,
table1 (53).png,in,,,
table1 (54).png,in,,,
table1 (5).png,in,,,
table1 (6).png,in,,,
table1 (7).png,in,cell list,,
table1 (8).png,in,,,
table1 (9).png,in,,,
table1.png,in,,,
table2 (10).png,in,,,
table2 (11).png,in,,,
table2 (12).png,in,,,
table2 (13).png,in,,,
table2 (14).png,in,,,
table2 (15).png,in,,,
table2 (16).png,in,,,
table2 (17).png,in,,,
table2 (18).png,in,,,
table2 (19).png,in,,,
table2 (20).png,in,,,
table2 (21).png,in,,,
table2 (22).png,in,,,
table2 (23).png,in,cell list,,
table2 (24) cont.png,in,cell list,,
table2 (24).png,in,cell list,,
table2 (25).png,in,,,
table2 (26).png,in,,,
table2 (27).png,in,,,
table2 (28).png,in,,,
table2 (29).png,in,,,
table2 (2).png,in,,,
table2 (30).png,in,,,
table2 (31).png,in,,,
table2 (32).png,in,,,
table2 (33).png,in,,,
table2 (34).png,in,,,
table2 (35).png,in,,,
table2 (36) cont.png,in,,,
table2 (36).png,in,,,
table2 (37).png,in,,,
table2 (38).png,in,,,
table2 (39).png,in,,,
table2 (3).png,in,,,
table2 (40).png,in,,,
table2 (41).png,in,,,
table2 (4).png,in,,,
table2 (5) cont.png,out,corrmat,,
table2 (5).png,out,corrmat rot,,
table2 (6).png,in,,,
table2 (7).png,in,,,
table2 (8).png,in,,,
table2 (9).png,in,,,
table2.png,in,,,
table3 (10).png,in,,,
table3 (11).png,in,,,
table3 (12).png,in,,,
table3 (13).png,in,,,
table3 (14).png,in,,,
table3 (15).png,in,,,
table3 (16).png,in,,,
table3 (17).png,in,,,
table3 (18).png,in,rot,,
table3 (19).png,in,,,
table3 (20).png,in,,,
table3 (21).png,in,,,
table3 (22).png,in,,,
table3 (23).png,in,,,
table3 (24).png,in,,,
table3 (25).png,in,,,
table3 (26).png,in,,,
table3 (27).png,in,,,
table3 (28).png,in,,,
table3 (29) cont.png,in,,,
table3 (29).png,in,,,
table3 (2).png,in,,,
table3 (30).png,in,,,
table3 (31).png,in,,,
table3 (32).png,in,,,
table3 (3).png,in,,,
table3 (4).png,in,,,
table3 (5).png,in,,,
table3 (6) cont.png,in,cell list,,
table3 (6).png,in,,,
table3 (7).png,in,,,
table3 (8).png,in,,,
table3 (9).png,in,,,
table3.png,in,,,
table4 (10).png,in,,,
table4 (11).png,in,,,
table4 (12).png,in,,,
table4 (13).png,in,,,
table4 (14).png,in,,,
table4 (15).png,in,,,
table4 (16).png,in,,,
table4 (17).png,in,,,
table4 (18).png,in,,,
table4 (19).png,in,,,
table4 (20).png,in,,,
table4 (21) cont.png,in,,,
table4 (21).png,in,,,
table4 (22) cont.png,in,,,
table4 (22).png,in,,,
table4 (23).png,in,,,
table4 (2).png,in,,,
table4 (3).png,in,,,
table4 (4).png,in,,,
table4 (5).png,in,,,
table4 (6).png,in,,,
table4 (7).png,in,,,
table4 (8).png,in,,,
table4 (9).png,in,,,
table4.png,in,,,
table5 (10).png,in,,,
table5 (11).png,in,,,
table5 (2).png,in,,,
table5 (3).png,in,,,
table5 (4).png,in,,,
table5 (5).png,in,,,
table5 (6).png,in,,,
table5 (7).png,in,,,
table5 (8).png,in,,,
table5 (9).png,in,,,
table5.png,in,,,
table6 (2).png,in,,,
table6 (3).png,in,,,
table6.png,in,,,
table7 (2).png,in,,,
table7.png,in,,,
table8.png,in,,,
table9.png,in,,,
